model,mae,rmse,mape,smape
GRU,28.39296191851769,43.978923641631916,27.694723156524816,23.944051868318393
Random Forest,34.330103382390924,57.0246910981435,23.811454319359925,20.643995958833877
Naive Forecast,78.20962819519755,119.47304460739855,53.37344353157542,45.40656451128587
Moving Average,156.4433762587142,197.64947520794777,557.093539099069,78.45290113280984
